id,vote,visualized
1408,8.646440511781975,0.8270964398016714
71805,9.14556809911726,0.8937682339199968
22,8.808290128214932,0.8312761633788077
15511,8.63464954899069,0.9675319002346239
