id,vote,visualized
109424,8.646440511781975,0.863464954899069
1865,9.14556809911726,0.8270964398016714
58,8.808290128214932,0.8937682339199968
